{
  "baseline_numpy_cv2": {
    "98": {
      "n_corresp": 230,
      "median_ms": 20.149162999587134,
      "p95_ms": 21.054640998045215
    },
    "122": {
      "n_corresp": 349,
      "median_ms": 16.957371000899002,
      "p95_ms": 79.82414400248672
    },
    "128": {
      "n_corresp": 196,
      "median_ms": 10.988311001710827,
      "p95_ms": 11.444179999671178
    }
  }
}