{
  "98": {
    "RANSAC": {
      "init_ms": 0.1739089966577012,
      "refine_ms": 60.66754600033164,
      "err_init": 307.83637711180273,
      "err_final": 197.88587645925557
    },
    "USAC_DEFAULT": {
      "init_ms": 0.6304999988060445,
      "refine_ms": 37.46431100080372,
      "err_init": 334.38923136061317,
      "err_final": 198.21476095986284
    },
    "USAC_FAST": {
      "init_ms": 0.09540999963064678,
      "refine_ms": 41.50738899988937,
      "err_init": 327.18167529218715,
      "err_final": 197.88488797486093
    },
    "USAC_ACCURATE": {
      "init_ms": 1.3213819984230213,
      "refine_ms": 36.58663500027615,
      "err_init": 335.2602420868455,
      "err_final": 197.8678944302272
    },
    "USAC_PROSAC": {
      "init_ms": 0.06697700155200437,
      "refine_ms": 81.63167699967744,
      "err_init": 338.7446264256205,
      "err_final": 198.19862999945397
    },
    "USAC_MAGSAC": {
      "init_ms": 0.1487200024712365,
      "refine_ms": 86.35981699990225,
      "err_init": 346.59396192807895,
      "err_final": 198.20452006048066
    },
    "USAC_PARALLEL": {
      "init_ms": 0.4919379971397575,
      "refine_ms": 53.43631400319282,
      "err_init": 341.3855601983562,
      "err_final": 197.8703582358029
    }
  },
  "122": {
    "RANSAC": {
      "init_ms": 0.4295700018701609,
      "refine_ms": 27.670905001286883,
      "err_init": 5548.149702314919,
      "err_final": 244.07866721077224
    },
    "USAC_DEFAULT": {
      "init_ms": 0.26078199880430475,
      "refine_ms": 29.03648099891143,
      "err_init": 19144.101085267186,
      "err_final": 244.07374646950194
    },
    "USAC_FAST": {
      "init_ms": 0.04880199776380323,
      "refine_ms": 24.139741999533726,
      "err_init": 1589.3907115928935,
      "err_final": 244.0536271182632
    },
    "USAC_ACCURATE": {
      "init_ms": 0.5199410006753169,
      "refine_ms": 31.71732900227653,
      "err_init": 1951.404473682234,
      "err_final": 244.06391347267453
    },
    "USAC_PROSAC": {
      "init_ms": 0.02955599848064594,
      "refine_ms": 24.095548997138394,
      "err_init": 1589.3907115926893,
      "err_final": 244.05361165551057
    },
    "USAC_MAGSAC": {
      "init_ms": 0.09072100147022866,
      "refine_ms": 27.014466002583504,
      "err_init": 17676.83262944222,
      "err_final": 244.0214518747265
    },
    "USAC_PARALLEL": {
      "init_ms": 0.3876509981637355,
      "refine_ms": 32.292583000526065,
      "err_init": 1951.4044736817318,
      "err_final": 244.06390720864448
    }
  },
  "128": {
    "RANSAC": {
      "init_ms": 0.1800699974410236,
      "refine_ms": 72.66378799977247,
      "err_init": 227.38426557033583,
      "err_final": 191.15907905825463
    },
    "USAC_DEFAULT": {
      "init_ms": 0.3162770008202642,
      "refine_ms": 67.20037099876208,
      "err_init": 245.85002055232985,
      "err_final": 191.14297118183092
    },
    "USAC_FAST": {
      "init_ms": 0.05229900125414133,
      "refine_ms": 66.83208599861246,
      "err_init": 245.85002055232985,
      "err_final": 191.14297118183092
    },
    "USAC_ACCURATE": {
      "init_ms": 0.797215001512086,
      "refine_ms": 73.08643500073231,
      "err_init": 246.96929051438215,
      "err_final": 191.15341629993375
    },
    "USAC_PROSAC": {
      "init_ms": 0.11002700193785131,
      "refine_ms": 68.16211600016686,
      "err_init": 244.89054704954722,
      "err_final": 191.15228071285048
    },
    "USAC_MAGSAC": {
      "init_ms": 0.11433500185376033,
      "refine_ms": 52.29588200018043,
      "err_init": 248.37084057324148,
      "err_final": 191.15487278870418
    },
    "USAC_PARALLEL": {
      "init_ms": 0.43084299977635965,
      "refine_ms": 74.56989400088787,
      "err_init": 246.96929051438215,
      "err_final": 191.15341629993375
    }
  }
}