{
  "cases": [
    {
      "num_points": 196,
      "residual": {
        "numpy_cpu": {
          "all_ms": [
            0.018473998352419585,
            0.015608995454385877,
            0.015789999451953918,
            0.014446995919570327,
            0.014055993233341724
          ],
          "median_ms": 0.015608995454385877,
          "p95_ms": 0.01793719857232645,
          "runs": 5
        },
        "torch": {
          "cpu": {
            "parity": {
              "allclose": true,
              "max_abs_diff": 4.440892098500626e-16,
              "mean_abs_diff": 5.664403186863044e-18
            },
            "timing": {
              "all_ms": [
                0.051135997637175024,
                0.04446399543667212,
                0.042740000935737044,
                0.04194899520371109,
                0.041929000872187316
              ],
              "median_ms": 0.042740000935737044,
              "p95_ms": 0.04980159719707444,
              "runs": 5
            }
          }
        }
      },
      "sample_id": -1
    }
  ],
  "config": {
    "model": "sRT",
    "modes": "residual",
    "repeats": 5,
    "sample_ids": [
      98,
      122,
      128
    ],
    "synthetic": true,
    "warmup": 2
  },
  "environment": {
    "platform": "Linux-6.17.0-19-generic-x86_64-with-glibc2.42",
    "python": "3.13.7",
    "resolved_device": "cpu"
  },
  "timestamp_utc": "2026-03-23T18:51:33.836998+00:00"
}
