{
  "cases": [
    {
      "num_points": 20000,
      "residual": {
        "numpy_cpu": {
          "all_ms": [
            0.5270490000839345,
            0.5496609956026077,
            0.5221599931246601,
            0.5282109996187501,
            0.5234819982433692
          ],
          "median_ms": 0.5270490000839345,
          "p95_ms": 0.5453709964058362,
          "runs": 5
        },
        "torch": {
          "cpu": {
            "parity": {
              "allclose": true,
              "max_abs_diff": 8.881784197001252e-16,
              "mean_abs_diff": 5.506706202140776e-18
            },
            "timing": {
              "all_ms": [
                0.6298310036072508,
                0.5845470004715025,
                0.5882330005988479,
                0.5242429979261942,
                0.522570000612177
              ],
              "median_ms": 0.5845470004715025,
              "p95_ms": 0.6215114030055702,
              "runs": 5
            }
          },
          "cuda": {
            "parity": {
              "allclose": true,
              "max_abs_diff": 0.0,
              "mean_abs_diff": 0.0
            },
            "timing": {
              "all_ms": [
                0.34511699777795,
                0.2606190028018318,
                0.23982000129763037,
                0.23810599668649957,
                0.229761004447937
              ],
              "median_ms": 0.23982000129763037,
              "p95_ms": 0.3282173987827264,
              "runs": 5
            }
          }
        }
      },
      "sample_id": -1
    }
  ],
  "config": {
    "model": "sRT",
    "modes": "residual",
    "quiet": true,
    "repeats": 5,
    "sample_ids": [
      98,
      122,
      128
    ],
    "synthetic": true,
    "synthetic_n": 20000,
    "warmup": 2
  },
  "environment": {
    "platform": "Linux-6.17.0-19-generic-x86_64-with-glibc2.42",
    "python": "3.13.7",
    "resolved_device": "cuda"
  },
  "timestamp_utc": "2026-03-23T18:59:26.038438+00:00"
}
