{
  "cases": [
    {
      "end2end": {
        "numpy_cpu": {
          "all_ms": [
            58.58556099701673,
            57.03007299598539,
            58.181933003652375,
            63.48696499480866,
            58.4520699994755,
            60.50003199925413,
            59.315539998351596,
            58.80049400002463,
            58.99213399970904,
            63.97946899960516
          ],
          "median_ms": 58.896313999866834,
          "p95_ms": 63.757842197446735,
          "runs": 10
        },
        "torch": {
          "cpu": {
            "parity": {
              "H_fro_diff": 0.004881431939661235,
              "corner_error_delta": 0.14267309210640633,
              "corner_error_numpy": 622.9113081450053,
              "corner_error_torch": 622.7686350528988
            },
            "timing": {
              "all_ms": [
                20.352940002339892,
                19.676922005601227,
                20.283500001823995,
                20.011279004393145,
                20.816550000745337,
                19.91441800055327,
                20.101689005969092,
                24.405381998803932,
                28.172487996926066,
                22.471343996585347
              ],
              "median_ms": 20.318220002081944,
              "p95_ms": 26.477290297771102,
              "runs": 10
            }
          },
          "cuda": {
            "parity": {
              "H_fro_diff": 0.004881431939661202,
              "corner_error_delta": 0.14267309210640633,
              "corner_error_numpy": 622.9113081450053,
              "corner_error_torch": 622.7686350528988
            },
            "timing": {
              "all_ms": [
                60.51707400183659,
                57.85690400080057,
                57.957252000051085,
                60.39099699410144,
                57.201374002033845,
                58.03110099805053,
                60.480275002191775,
                57.63596899487311,
                61.84074700286146,
                59.050914002000354
              ],
              "median_ms": 58.541007500025444,
              "p95_ms": 61.24509415240027,
              "runs": 10
            }
          }
        }
      },
      "num_points": 230,
      "residual": {
        "numpy_cpu": {
          "all_ms": [
            0.017443002434447408,
            0.017532998754177243,
            0.016131001757457852,
            0.015608995454385877,
            0.015399004041682929,
            0.015108002116903663,
            0.01504900137661025,
            0.014937999367248267,
            0.015798999811522663,
            0.015208002878353
          ],
          "median_ms": 0.015503999748034403,
          "p95_ms": 0.017492500410298817,
          "runs": 10
        },
        "torch": {
          "cpu": {
            "parity": {
              "allclose": true,
              "max_abs_diff": 3.552713678800501e-15,
              "mean_abs_diff": 6.87372863941836e-16
            },
            "timing": {
              "all_ms": [
                0.05881999823031947,
                0.04651700146496296,
                0.04442300269147381,
                0.04398199962452054,
                0.04469400300877169,
                0.04372200055513531,
                0.040817001718096435,
                0.042649997340049595,
                0.04258000262780115,
                0.04290099604986608
              ],
              "median_ms": 0.043852000089827925,
              "p95_ms": 0.053283649685909026,
              "runs": 10
            }
          },
          "cuda": {
            "parity": {
              "allclose": true,
              "max_abs_diff": 3.552713678800501e-15,
              "mean_abs_diff": 6.87372863941836e-16
            },
            "timing": {
              "all_ms": [
                0.1339110021945089,
                0.09763400157680735,
                0.08622200402896851,
                0.08396700286539271,
                0.09023000166052952,
                0.08263500058092177,
                0.08359699859283864,
                0.08280600013677031,
                0.0803199945949018,
                0.08388699643546715
              ],
              "median_ms": 0.08392699965042993,
              "p95_ms": 0.11758635191654317,
              "runs": 10
            }
          }
        }
      },
      "sample_id": 98
    },
    {
      "end2end": {
        "numpy_cpu": {
          "all_ms": [
            29.747793996648397,
            32.022751998738386,
            29.480682998837437,
            29.22150700032944,
            30.447868004557677,
            29.933001998870168,
            29.515107999031898,
            29.759937002381776,
            30.53106300649233,
            29.817485003150068
          ],
          "median_ms": 29.788711002765922,
          "p95_ms": 31.35149195222766,
          "runs": 10
        },
        "torch": {
          "cpu": {
            "parity": {
              "H_fro_diff": 0.010489901805217871,
              "corner_error_delta": 0.7052135143767373,
              "corner_error_numpy": 577.3640592927379,
              "corner_error_torch": 578.0692728071147
            },
            "timing": {
              "all_ms": [
                19.303831999422982,
                20.12644500064198,
                19.997372997750062,
                19.583636996685527,
                19.73978000023635,
                19.78582699666731,
                19.280578999314457,
                20.868728002824355,
                20.89134100242518,
                19.231766993470956
              ],
              "median_ms": 19.76280349845183,
              "p95_ms": 20.881165152604808,
              "runs": 10
            }
          },
          "cuda": {
            "parity": {
              "H_fro_diff": 0.010489901805212828,
              "corner_error_delta": 0.7052135143763962,
              "corner_error_numpy": 577.3640592927379,
              "corner_error_torch": 578.0692728071143
            },
            "timing": {
              "all_ms": [
                59.95938900014153,
                59.61208699591225,
                57.77945900626946,
                72.66574400273385,
                75.75359700422268,
                71.30979099747492,
                74.64830399840139,
                73.96150400018087,
                72.51587299833773,
                79.70800500334008
              ],
              "median_ms": 72.59080850053579,
              "p95_ms": 77.92852140373725,
              "runs": 10
            }
          }
        }
      },
      "num_points": 349,
      "residual": {
        "numpy_cpu": {
          "all_ms": [
            0.020548002794384956,
            0.01714199606794864,
            0.016570993466302752,
            0.016661004337947816,
            0.01692200021352619,
            0.017001999367494136,
            0.016951998986769468,
            0.018524995539337397,
            0.016571000742260367,
            0.016960999346338212
          ],
          "median_ms": 0.01695649916655384,
          "p95_ms": 0.01963764952961355,
          "runs": 10
        },
        "torch": {
          "cpu": {
            "parity": {
              "allclose": true,
              "max_abs_diff": 7.105427357601002e-15,
              "mean_abs_diff": 5.344340061232845e-16
            },
            "timing": {
              "all_ms": [
                0.088004999270197,
                0.06386000313796103,
                0.060703998315148056,
                0.0605830064159818,
                0.05914100620429963,
                0.05855000199517235,
                0.0576879974687472,
                0.0583099972573109,
                0.057868994190357625,
                0.057958997786045074
              ],
              "median_ms": 0.05884550409973599,
              "p95_ms": 0.07713975101069079,
              "runs": 10
            }
          },