{
  "cases": [
    {
      "end2end": {
        "numpy_cpu": {
          "all_ms": [
            59.47951800044393,
            58.44779200560879,
            59.08197199460119,
            65.29690100433072,
            68.63663599506253,
            59.20083499950124,
            72.11973999801558,
            68.77427399740554,
            62.52746500103967,
            59.41121999785537
          ],
          "median_ms": 61.0034915007418,
          "p95_ms": 70.61428029774106,
          "runs": 10
        },
        "torch": {
          "cpu": {
            "parity": {
              "H_fro_diff": 0.004881431939661235,
              "corner_error_delta": 0.14267309210640633,
              "corner_error_numpy": 622.9113081450053,
              "corner_error_torch": 622.7686350528988
            },
            "timing": {
              "all_ms": [
                24.14888099883683,
                21.612031996482983,
                20.986508003261406,
                20.766025001648813,
                20.75243899889756,
                19.311155992909335,
                18.98980300029507,
                19.14481400308432,
                18.884917000832502,
                19.105740000668447
              ],
              "median_ms": 20.031797495903447,
              "p95_ms": 23.007298947777596,
              "runs": 10
            }
          },
          "cuda": {
            "parity": {
              "H_fro_diff": 0.004881431939661202,
              "corner_error_delta": 0.14267309210640633,
              "corner_error_numpy": 622.9113081450053,
              "corner_error_torch": 622.7686350528988
            },
            "timing": {
              "all_ms": [
                58.672162995208055,
                70.5017840009532,
                61.951575000421144,
                62.965858000097796,
                63.74336699809646,
                66.67138899501879,
                64.2491449980298,
                59.52788899594452,
                57.925292996515054,
                62.56777099770261
              ],
              "median_ms": 62.7668144989002,
              "p95_ms": 68.77810624828271,
              "runs": 10
            }
          }
        }
      },
      "num_points": 230,
      "residual": {
        "numpy_cpu": {
          "all_ms": [
            0.01592999615240842,
            0.016039994079619646,
            0.015219004126265645,
            0.014697994629386812,
            0.014145996829029173,
            0.013936005416326225,
            0.013925993698649108,
            0.013876000593882054,
            0.014507000742014498,
            0.014097000530455261
          ],
          "median_ms": 0.014326498785521835,
          "p95_ms": 0.015990495012374595,
          "runs": 10
        },
        "torch": {
          "cpu": {
            "parity": {
              "allclose": true,
              "max_abs_diff": 3.552713678800501e-15,
              "mean_abs_diff": 6.87372863941836e-16
            },
            "timing": {
              "all_ms": [
                0.04552600148599595,
                0.044013002479914576,
                0.04230999911669642,
                0.041767998482100666,
                0.042629995732568204,
                0.04204899596516043,
                0.041467996197752655,
                0.04216900561004877,
                0.041437997424509376,
                0.042409999878145754
              ],
              "median_ms": 0.042239502363372594,
              "p95_ms": 0.04484515193325933,
              "runs": 10
            }
          },
          "cuda": {
            "parity": {
              "allclose": true,
              "max_abs_diff": 3.552713678800501e-15,
              "mean_abs_diff": 6.87372863941836e-16
            },
            "timing": {
              "all_ms": [
                0.1603010023245588,
                0.09706200216896832,
                0.08787499973550439,
                0.08438900113105774,
                0.0821939975139685,
                0.08269499812740833,
                0.0850689975777641,
                0.0811220015748404,
                0.08835599874146283,
                0.0877150014275685
              ],
              "median_ms": 0.0863919995026663,
              "p95_ms": 0.13184345225454303,
              "runs": 10
            }
          }
        }
      },
      "sample_id": 98
    },
    {
      "end2end": {
        "numpy_cpu": {
          "all_ms": [
            30.803534005826805,
            30.62458900240017,
            30.898693003109656,
            30.483064001600724,
            30.838048995065037,
            30.89620800164994,
            30.390949999855366,
            30.76522199989995,
            30.616002004535403,
            30.376183000043966
          ],
          "median_ms": 30.69490550115006,
          "p95_ms": 30.897574752452783,
          "runs": 10
        },
        "torch": {
          "cpu": {
            "parity": {
              "H_fro_diff": 0.010489901805217871,
              "corner_error_delta": 0.7052135143767373,
              "corner_error_numpy": 577.3640592927379,
              "corner_error_torch": 578.0692728071147
            },
            "timing": {
              "all_ms": [
                27.749454995500855,
                21.063483000034466,
                20.234849005646538,
                20.120062996284105,
                20.161921995168086,
                20.08530800230801,
                19.953720999183133,
                20.230249996529892,
                19.838103995425627,
                21.656015000189655
              ],
              "median_ms": 20.19608599584899,
              "p95_ms": 25.007406997610808,
              "runs": 10
            }
          },
          "cuda": {
            "parity": {
              "H_fro_diff": 0.010489901805212828,
              "corner_error_delta": 0.7052135143763962,
              "corner_error_numpy": 577.3640592927379,
              "corner_error_torch": 578.0692728071143
            },
            "timing": {
              "all_ms": [
                62.44600199715933,
                61.65793399850372,
                59.96325599699048,
                75.28747199830832,
                59.20424200303387,
                69.47866499831434,
                58.60738200135529,
                57.24003700015601,
                59.9315259969444,
                58.0371020041639
              ],
              "median_ms": 59.94739099696744,
              "p95_ms": 72.67350884831103,
              "runs": 10
            }
          }
        }
      },
      "num_points": 349,
      "residual": {
        "numpy_cpu": {
          "all_ms": [
            0.021009996999055147,
            0.017502999980933964,
            0.017142003343906254,
            0.017041995306499302,
            0.01757299469318241,
            0.017122998542618006,
            0.017102000128943473,
            0.016851001419126987,
            0.016851001419126987,
            0.01749199873302132
          ],
          "median_ms": 0.01713250094326213,
          "p95_ms": 0.01946334596141241,
          "runs": 10
        },
        "torch": {
          "cpu": {
            "parity": {
              "allclose": true,
              "max_abs_diff": 7.105427357601002e-15,
              "mean_abs_diff": 5.344340061232845e-16
            },
            "timing": {
              "all_ms": [
                0.0611649957136251,
                0.059562000387813896,
                0.05926100129727274,
                0.05794799653813243,
                0.057928999012801796,
                0.05845900159329176,
                0.05912100459681824,
                0.057958997786045074,
                0.05741800123360008,
                0.05830000009154901
              ],
              "median_ms": 0.058379500842420384,
              "p95_ms": 0.06044364781701006,
              "runs": 10
            }
          },