{
  "cases": [
    {
      "end2end": {
        "numpy_cpu": {
          "all_ms": [
            59.106638000230305,
            60.115690997918136,
            63.752143003512174,
            58.99798500468023,
            57.697033997101244,
            76.63321599829942,
            95.31327900185715,
            63.66962800530018,
            57.93171500408789,
            59.231902996543795
          ],
          "median_ms": 59.673796997230966,
          "p95_ms": 86.90725065025616,
          "runs": 10
        },
        "torch": {
          "cpu": {
            "parity": {
              "H_fro_diff": 0.004881431939661235,
              "corner_error_delta": 0.14267309210640633,
              "corner_error_numpy": 622.9113081450053,
              "corner_error_torch": 622.7686350528988
            },
            "timing": {
              "all_ms": [
                17.74274399940623,
                18.538636002631392,
                17.865784997411538,
                18.15403500222601,
                18.825945000571664,
                19.29657800064888,
                18.295271001989022,
                17.907733003085013,
                18.025113000476267,
                18.273599998792633
              ],
              "median_ms": 18.21381750050932,
              "p95_ms": 19.084793150614132,
              "runs": 10
            }
          },
          "cuda": {
            "parity": {
              "H_fro_diff": 0.004881431939661202,
              "corner_error_delta": 0.14267309210640633,
              "corner_error_numpy": 622.9113081450053,
              "corner_error_torch": 622.7686350528988
            },
            "timing": {
              "all_ms": [
                66.68712899409002,
                62.45843599754153,
                60.317050003504846,
                56.8816350059933,
                61.50048899871763,
                67.13262400444364,
                61.10863500362029,
                59.928069000307005,
                61.09861500590341,
                98.27198900165968
              ],
              "median_ms": 61.30456200116896,
              "p95_ms": 84.25927475291243,
              "runs": 10
            }
          }
        }
      },
      "num_points": 230,
      "residual": {
        "numpy_cpu": {
          "all_ms": [
            0.017553000361658633,
            0.017203004972543567,
            0.018694998288992792,
            0.016131001757457852,
            0.017423000826966017,
            0.015428995538968593,
            0.015208999684546143,
            0.014928002201486379,
            0.015789999451953918,
            0.016842001059558243
          ],
          "median_ms": 0.016486501408508047,
          "p95_ms": 0.01818109922169242,
          "runs": 10
        },
        "torch": {
          "cpu": {
            "parity": {
              "allclose": true,
              "max_abs_diff": 3.552713678800501e-15,
              "mean_abs_diff": 6.87372863941836e-16
            },
            "timing": {
              "all_ms": [
                0.08458799857180566,
                0.06468199717346579,
                0.062366998463403434,
                0.05968199548078701,
                0.0590900017414242,
                0.06051399395801127,
                0.058218996855430305,
                0.05951200000708923,
                0.05930100451223552,
                0.059420999605208635
              ],
              "median_ms": 0.05959699774393812,
              "p95_ms": 0.07563029794255269,
              "runs": 10
            }
          },
          "cuda": {
            "parity": {
              "allclose": true,
              "max_abs_diff": 3.552713678800501e-15,
              "mean_abs_diff": 6.87372863941836e-16
            },
            "timing": {
              "all_ms": [
                0.25780400028452277,
                0.1181920015369542,
                0.12428300397004932,
                0.09298400254920125,
                0.08586100011598319,
                0.08453900227323174,
                0.08246400102507323,
                0.09227300324710086,
                0.08368699491256848,
                0.08512999920640141
              ],
              "median_ms": 0.08906700168154202,
              "p95_ms": 0.19771955194300958,
              "runs": 10
            }
          }
        }
      },
      "sample_id": 98
    },
    {
      "end2end": {
        "numpy_cpu": {
          "all_ms": [
            31.181222999293823,
            30.55060000042431,
            30.496027000481263,
            31.073240999830887,
            30.65408400289016,
            30.73027700156672,
            32.71544100425672,
            32.303027001034934,
            33.51397900405573,
            42.42999399866676
          ],
          "median_ms": 31.127231999562355,
          "p95_ms": 38.41778725109179,
          "runs": 10
        },
        "torch": {
          "cpu": {
            "parity": {
              "H_fro_diff": 0.010489901805217871,
              "corner_error_delta": 0.7052135143767373,
              "corner_error_numpy": 577.3640592927379,
              "corner_error_torch": 578.0692728071147
            },
            "timing": {
              "all_ms": [
                19.902345004084054,
                19.156465998094063,
                19.328868998854887,
                19.40178599761566,
                19.469191996904556,
                19.46702799614286,
                19.20253199932631,
                19.507033000991214,
                20.329475999460556,
                19.22870199632598
              ],
              "median_ms": 19.43440699687926,
              "p95_ms": 20.13726705154113,
              "runs": 10
            }
          },
          "cuda": {
            "parity": {
              "H_fro_diff": 0.010489901805212828,
              "corner_error_delta": 0.7052135143763962,
              "corner_error_numpy": 577.3640592927379,
              "corner_error_torch": 578.0692728071143
            },
            "timing": {
              "all_ms": [
                60.13248299859697,
                58.434096004930325,
                94.98593500029529,
                67.8731730004074,
                68.93075800326187,
                63.55361099849688,
                65.48867099627387,
                74.6209720018669,
                55.87116799870273,
                66.91729099838994
              ],
              "median_ms": 66.2029809973319,
              "p95_ms": 85.82170165100248,
              "runs": 10
            }
          }
        }
      },
      "num_points": 349,
      "residual": {
        "numpy_cpu": {
          "all_ms": [
            0.018635000742506236,
            0.017853999452199787,
            0.01812400296330452,
            0.020499006495811045,
            0.01747199712553993,
            0.02044800203293562,
            0.017443002434447408,
            0.020268002117518336,
            0.01732300006551668,
            0.018113998521585017
          ],
          "median_ms": 0.01811900074244477,
          "p95_ms": 0.020476054487517104,
          "runs": 10
        },
        "torch": {
          "cpu": {
            "parity": {
              "allclose": true,
              "max_abs_diff": 7.105427357601002e-15,
              "mean_abs_diff": 5.344340061232845e-16
            },
            "timing": {
              "all_ms": [
                0.06557300366694108,
                0.05856999632669613,
                0.06481200398411602,
                0.05752800643676892,
                0.05814900214318186,
                0.06014300015522167,
                0.05692699778592214,
                0.05818899808218703,
                0.05812900053570047,
                0.05784899985883385
              ],
              "median_ms": 0.058169000112684444,
              "p95_ms": 0.0652305538096698,
              "runs": 10
            }
          },